firstname,lastname,username,email,zip,avatar,password
Kari,Grant,Hailey_Kautzer,Lauren_Willms74@yahoo.com,25660,https://s3.amazonaws.com/uifaces/faces/twitter/wim1k/128.jpg,sint
Tyree,Reilly,Una_Mueller,Jasen.Powlowski13@yahoo.com,97979-2646,https://s3.amazonaws.com/uifaces/faces/twitter/xtopherpaul/128.jpg,qui
Mark,Schneider,Toby.Klein13,Jerrold_Mills@hotmail.com,47414-9709,https://s3.amazonaws.com/uifaces/faces/twitter/adamsxu/128.jpg,placeat
Sallie,Wilkinson,Abbigail91,Nayeli.Lakin@hotmail.com,33420-6497,https://s3.amazonaws.com/uifaces/faces/twitter/rtgibbons/128.jpg,facilis
Martin,Schowalter,Florian.OConnell42,Jody37@hotmail.com,98733,https://s3.amazonaws.com/uifaces/faces/twitter/peachananr/128.jpg,autem
Velma,Kling,Cordie.Murazik45,Gisselle_Kiehn21@yahoo.com,84170-0543,https://s3.amazonaws.com/uifaces/faces/twitter/conspirator/128.jpg,necessitatibus
Carole,Rath,Loy.Eichmann89,Ethelyn96@yahoo.com,10023-7660,https://s3.amazonaws.com/uifaces/faces/twitter/zforrester/128.jpg,qui
Colton,Heaney,Marge.Turner45,Trace.Hartmann36@yahoo.com,39187,https://s3.amazonaws.com/uifaces/faces/twitter/iamkeithmason/128.jpg,autem
Rowena,Crona,Linwood.Sipes92,Hayden_Zboncak8@hotmail.com,77488,https://s3.amazonaws.com/uifaces/faces/twitter/chadengle/128.jpg,suscipit
Elisa,Bernier,Cordell_Bode,Amanda32@yahoo.com,52800-2745,https://s3.amazonaws.com/uifaces/faces/twitter/pierrestoffe/128.jpg,iste
Tito,Conroy,Sarai13,Kasey67@hotmail.com,40265-5870,https://s3.amazonaws.com/uifaces/faces/twitter/ariil/128.jpg,voluptatem
Helena,Stokes,Colby.Kassulke,Raegan.Rau@hotmail.com,65379-5316,https://s3.amazonaws.com/uifaces/faces/twitter/gabrielrosser/128.jpg,quis
Torey,Gutkowski,Elinor75,Tillman.Kerluke@hotmail.com,74411-7549,https://s3.amazonaws.com/uifaces/faces/twitter/faisalabid/128.jpg,aut
Tiara,McClure,Alexis_Fahey,Margret_Sipes20@hotmail.com,83879-1981,https://s3.amazonaws.com/uifaces/faces/twitter/her_ruu/128.jpg,numquam
Clarabelle,Boyle,Osbaldo_Spencer77,Lennie_Zboncak@yahoo.com,18602,https://s3.amazonaws.com/uifaces/faces/twitter/silvanmuhlemann/128.jpg,corporis
Lela,Cruickshank,Josh_Zulauf,Chris94@hotmail.com,85834-0201,https://s3.amazonaws.com/uifaces/faces/twitter/gregsqueeb/128.jpg,dolorem
Noble,Beatty,Zackery_Marquardt,Samanta_Halvorson26@hotmail.com,69524-1461,https://s3.amazonaws.com/uifaces/faces/twitter/gusoto/128.jpg,quia
Edgar,Lesch,Jesse.Wunsch81,Maxwell_Emmerich88@hotmail.com,19370,https://s3.amazonaws.com/uifaces/faces/twitter/leandrovaranda/128.jpg,amet
Creola,Jaskolski,Darrick.Quitzon,Dominique_Waelchi@gmail.com,14296-8019,https://s3.amazonaws.com/uifaces/faces/twitter/madcampos/128.jpg,temporibus
Newell,Schowalter,Kenyatta.Zieme,Everette_Rodriguez@yahoo.com,68562-7469,https://s3.amazonaws.com/uifaces/faces/twitter/ccinojasso1/128.jpg,in
